<!DOCTYPE suite SYSTEM "https://testng.org/testng-1.0.dtd">
<suite name="AutomationSuite" parallel="tests" thread-count="1">

    <test name="LoginTests">
        <classes>
            <class name="com.automation.tests.LoginTests"/>  <!-- ✅ Ensure this path is correct -->
        </classes>
    </test>

    <test name="TablesTests">
        <classes>
            <class name="com.automation.tests.TablesTest"/>
        </classes>
    </test>

    <test name="JavaScriptAlertsTests">
        <classes>
            <class name="com.automation.tests.JavaScriptAlertsTest"/>
        </classes>
    </test>

</suite>